library	flavor	mode	capacity	producers	consumers	api	batch_support	items	median_melem_s	min_melem_s	max_melem_s
fibre	spsc	sync	rendezvous	1	1	single	none	27355	0.527	0.501	0.547
flume	spsc	sync	rendezvous	1	1	single	receive only	22653	0.404	0.383	0.421
kanal	spsc	sync	rendezvous	1	1	single	none	244368	4.339	4.202	4.474
crossbeam	spsc	sync	rendezvous	1	1	single	none	25147	0.460	0.447	0.491
std	spsc	sync	rendezvous	1	1	single	none	28549	0.486	0.466	0.514
fibre	spsc	sync	1	1	1	single	send and receive	13925	0.226	0.192	0.240
flume	spsc	sync	1	1	1	single	receive only	35560	0.583	0.568	0.602
kanal	spsc	sync	1	1	1	single	none	371202	5.199	4.919	5.851
crossbeam	spsc	sync	1	1	1	single	none	310310	5.138	5.035	5.225
std	spsc	sync	1	1	1	single	none	12919	0.222	0.208	0.244
fibre	spsc	sync	128	1	1	single	send and receive	1181476	19.504	18.995	20.164
flume	spsc	sync	128	1	1	single	receive only	1276717	20.522	19.456	20.892
kanal	spsc	sync	128	1	1	single	none	879405	13.964	12.724	14.705
crossbeam	spsc	sync	128	1	1	single	none	1914344	30.296	27.639	31.773
std	spsc	sync	128	1	1	single	none	1527222	23.783	20.388	33.357
fibre	spsc	sync	128	1	1	batch-512	send and receive	1163806	19.353	18.803	19.615
flume	spsc	sync	128	1	1	batch-512	receive only	837482	13.944	13.921	13.991
fibre	spsc	sync	1024	1	1	single	send and receive	1476518	23.355	19.112	26.037
flume	spsc	sync	1024	1	1	single	receive only	309252	6.544	4.204	14.391
kanal	spsc	sync	1024	1	1	single	none	1658173	27.004	23.328	32.003
crossbeam	spsc	sync	1024	1	1	single	none	2580699	38.490	35.287	43.217
std	spsc	sync	1024	1	1	single	none	7739676	116.450	101.148	127.614
fibre	spsc	sync	1024	1	1	batch-512	send and receive	8000000	285.531	216.614	289.425
flume	spsc	sync	1024	1	1	batch-512	receive only	2682127	48.684	45.443	49.914
flume	spsc	sync	unbounded	1	1	single	receive only	592364	5.413	4.183	12.013
kanal	spsc	sync	unbounded	1	1	single	none	1000000	95.742	84.040	100.997
crossbeam	spsc	sync	unbounded	1	1	single	none	1000000	77.460	64.989	82.453
std	spsc	sync	unbounded	1	1	single	none	1000000	84.894	72.933	86.576
flume	spsc	sync	unbounded	1	1	batch-512	receive only	1000000	74.023	71.579	74.425
fibre	spsc	async	rendezvous	1	1	single	none	918128	14.973	14.859	15.208
flume	spsc	async	rendezvous	1	1	single	receive only	270144	4.437	4.357	4.468
kanal	spsc	async	rendezvous	1	1	single	none	781421	12.932	12.603	13.367
fibre	spsc	async	1	1	1	single	send and receive	423508	7.289	7.165	8.021
flume	spsc	async	1	1	1	single	receive only	258296	4.359	4.297	4.545
kanal	spsc	async	1	1	1	single	none	992588	17.063	16.431	17.824
async-channel	spsc	async	1	1	1	single	none	142985	2.402	2.361	2.633
tokio	spsc	async	1	1	1	single	receive only	307695	5.182	5.101	5.774
fibre	spsc	async	128	1	1	single	send and receive	4793547	71.494	70.210	82.634
flume	spsc	async	128	1	1	single	receive only	1745393	28.589	28.473	29.451
kanal	spsc	async	128	1	1	single	none	3136452	52.149	49.802	52.332
async-channel	spsc	async	128	1	1	single	none	972204	15.531	15.421	15.656
tokio	spsc	async	128	1	1	single	receive only	1418835	20.050	19.507	20.361
fibre	spsc	async	128	1	1	batch-512	send and receive	6776884	112.798	112.582	113.354
flume	spsc	async	128	1	1	batch-512	receive only	1486165	24.406	24.247	25.392
tokio	spsc	async	128	1	1	batch-512	receive only	1764672	29.241	28.930	29.329
fibre	spsc	async	1024	1	1	single	send and receive	6083476	102.386	71.268	104.617
flume	spsc	async	1024	1	1	single	receive only	458398	9.717	7.646	16.629
kanal	spsc	async	1024	1	1	single	none	3001016	51.422	50.239	59.262
async-channel	spsc	async	1024	1	1	single	none	740729	12.684	12.209	13.568
tokio	spsc	async	1024	1	1	single	receive only	764825	13.220	12.780	14.653
fibre	spsc	async	1024	1	1	batch-512	send and receive	8000000	139.736	138.439	143.232
flume	spsc	async	1024	1	1	batch-512	receive only	2228598	37.721	37.002	39.082
tokio	spsc	async	1024	1	1	batch-512	receive only	1717677	28.311	28.129	28.376
flume	spsc	async	unbounded	1	1	single	receive only	1000000	39.398	39.197	39.497
kanal	spsc	async	unbounded	1	1	single	none	1000000	68.858	68.259	69.276
async-channel	spsc	async	unbounded	1	1	single	none	1000000	18.583	18.381	18.755
tokio	spsc	async	unbounded	1	1	single	receive only	1000000	41.193	40.870	42.127
flume	spsc	async	unbounded	1	1	batch-512	receive only	1000000	62.747	61.334	63.426
tokio	spsc	async	unbounded	1	1	batch-512	receive only	1000000	72.334	71.538	72.466
fibre	mpsc	sync	rendezvous	1	1	single	none	32068	0.544	0.529	0.553
flume	mpsc	sync	rendezvous	1	1	single	receive only	25196	0.394	0.390	0.417
kanal	mpsc	sync	rendezvous	1	1	single	none	270483	4.585	4.424	4.669
crossbeam	mpsc	sync	rendezvous	1	1	single	none	28916	0.482	0.445	0.495
std	mpsc	sync	rendezvous	1	1	single	none	30849	0.513	0.484	0.521
fibre	mpsc	sync	rendezvous	16	1	single	none	35552	0.584	0.545	0.596
flume	mpsc	sync	rendezvous	16	1	single	receive only	10384	0.172	0.164	0.176
kanal	mpsc	sync	rendezvous	16	1	single	none	38480	1.133	0.739	1.416
crossbeam	mpsc	sync	rendezvous	16	1	single	none	8464	0.144	0.142	0.147
std	mpsc	sync	rendezvous	16	1	single	none	8288	0.144	0.139	0.149
fibre	mpsc	sync	rendezvous	64	1	single	none	35136	0.525	0.487	0.575
flume	mpsc	sync	rendezvous	64	1	single	receive only	10048	0.162	0.159	0.176
kanal	mpsc	sync	rendezvous	64	1	single	none	26560	0.547	0.480	0.594
crossbeam	mpsc	sync	rendezvous	64	1	single	none	8384	0.139	0.132	0.146
std	mpsc	sync	rendezvous	64	1	single	none	8192	0.139	0.136	0.144
fibre	mpsc	sync	1	1	1	single	send and receive	259299	4.384	4.181	4.448
flume	mpsc	sync	1	1	1	single	receive only	33830	0.558	0.540	0.579
kanal	mpsc	sync	1	1	1	single	none	316891	5.238	4.844	5.394
crossbeam	mpsc	sync	1	1	1	single	none	312494	5.223	4.904	5.321
std	mpsc	sync	1	1	1	single	none	13581	0.232	0.210	0.235
fibre	mpsc	sync	1	16	1	single	send and receive	61408	0.987	0.957	1.025
flume	mpsc	sync	1	16	1	single	receive only	10304	0.173	0.168	0.174
kanal	mpsc	sync	1	16	1	single	none	20864	1.000	0.943	1.207
crossbeam	mpsc	sync	1	16	1	single	none	8944	0.156	0.147	0.243
std	mpsc	sync	1	16	1	single	none	11888	0.195	0.187	0.209
fibre	mpsc	sync	1	64	1	single	send and receive	56704	0.979	0.949	1.005
flume	mpsc	sync	1	64	1	single	receive only	10304	0.171	0.150	0.174
kanal	mpsc	sync	1	64	1	single	none	23168	0.479	0.414	0.658
crossbeam	mpsc	sync	1	64	1	single	none	8128	0.134	0.118	0.139
std	mpsc	sync	1	64	1	single	none	10304	0.176	0.173	0.195
fibre	mpsc	sync	128	1	1	single	send and receive	1269156	28.541	24.824	29.822
flume	mpsc	sync	128	1	1	single	receive only	1062605	20.559	19.874	21.510
kanal	mpsc	sync	128	1	1	single	none	754869	14.292	13.034	15.378
crossbeam	mpsc	sync	128	1	1	single	none	1754546	29.944	26.568	30.799
std	mpsc	sync	128	1	1	single	none	1468105	24.074	21.546	30.338
fibre	mpsc	sync	128	1	1	batch-512	send and receive	1980075	33.843	32.579	34.654
flume	mpsc	sync	128	1	1	batch-512	receive only	835863	13.935	13.844	13.970
fibre	mpsc	sync	128	16	1	single	send and receive	159888	2.353	2.069	2.809
flume	mpsc	sync	128	16	1	single	receive only	10464	0.168	0.152	0.176
kanal	mpsc	sync	128	16	1	single	none	29712	1.020	0.552	1.196
crossbeam	mpsc	sync	128	16	1	single	none	346864	7.286	5.864	7.653
std	mpsc	sync	128	16	1	single	none	9792	0.170	0.162	0.216
fibre	mpsc	sync	128	16	1	batch-512	send and receive	165568	2.556	1.831	2.766
flume	mpsc	sync	128	16	1	batch-512	receive only	157632	2.621	2.524	2.742
fibre	mpsc	sync	128	64	1	single	send and receive	39104	0.646	0.605	0.673
flume	mpsc	sync	128	64	1	single	receive only	10560	0.175	0.172	0.180
kanal	mpsc	sync	128	64	1	single	none	16064	0.355	0.247	0.512
crossbeam	mpsc	sync	128	64	1	single	none	438272	2.260	0.176	8.813
std	mpsc	sync	128	64	1	single	none	9792	0.166	0.148	0.173
fibre	mpsc	sync	128	64	1	batch-512	send and receive	37056	0.652	0.538	0.673
flume	mpsc	sync	128	64	1	batch-512	receive only	60544	1.017	0.972	1.058
fibre	mpsc	sync	1024	1	1	single	send and receive	7265021	135.334	106.927	136.580
flume	mpsc	sync	1024	1	1	single	receive only	351227	4.643	3.924	7.961
kanal	mpsc	sync	1024	1	1	single	none	1582453	26.624	23.766	29.817
crossbeam	mpsc	sync	1024	1	1	single	none	2015598	44.853	40.582	51.261
std	mpsc	sync	1024	1	1	single	none	7143880	118.366	114.015	130.020
fibre	mpsc	sync	1024	1	1	batch-512	send and receive	8000000	253.281	147.019	261.701
flume	mpsc	sync	1024	1	1	batch-512	receive only	2858456	47.059	46.219	48.256
fibre	mpsc	sync	1024	16	1	single	send and receive	160096	2.657	2.497	2.734
flume	mpsc	sync	1024	16	1	single	receive only	10656	0.206	0.193	0.218
kanal	mpsc	sync	1024	16	1	single	none	110496	1.627	1.151	2.340
crossbeam	mpsc	sync	1024	16	1	single	none	437088	8.439	8.236	9.686
std	mpsc	sync	1024	16	1	single	none	10944	0.269	0.213	9.535
fibre	mpsc	sync	1024	16	1	batch-512	send and receive	157296	2.742	2.444	2.810
flume	mpsc	sync	1024	16	1	batch-512	receive only	786736	12.897	12.753	13.105
fibre	mpsc	sync	1024	64	1	single	send and receive	37120	0.665	0.592	24.019
flume	mpsc	sync	1024	64	1	single	receive only	10240	0.192	0.188	0.964
kanal	mpsc	sync	1024	64	1	single	none	24000	0.419	0.317	0.466
crossbeam	mpsc	sync	1024	64	1	single	none	28928	7.365	0.304	10.561
std	mpsc	sync	1024	64	1	single	none	9600	0.182	0.177	0.187
fibre	mpsc	sync	1024	64	1	batch-512	send and receive	38400	0.630	0.619	0.672
flume	mpsc	sync	1024	64	1	batch-512	receive only	295168	5.162	4.902	5.312
fibre	mpsc	sync	unbounded	1	1	single	send and receive	1000000	152.302	150.293	152.868
flume	mpsc	sync	unbounded	1	1	single	receive only	254772	5.283	4.230	6.061
kanal	mpsc	sync	unbounded	1	1	single	none	1000000	99.297	61.822	100.991
crossbeam	mpsc	sync	unbounded	1	1	single	none	1000000	97.397	95.555	98.153
std	mpsc	sync	unbounded	1	1	single	none	1000000	106.514	102.498	107.154
fibre	mpsc	sync	unbounded	1	1	batch-512	send and receive	1000000	193.070	183.436	214.489
flume	mpsc	sync	unbounded	1	1	batch-512	receive only	1000000	71.169	69.383	73.294
fibre	mpsc	sync	unbounded	16	1	single	send and receive	1000000	10.666	10.338	11.202
flume	mpsc	sync	unbounded	16	1	single	receive only	1000000	24.196	23.217	26.384
kanal	mpsc	sync	unbounded	16	1	single	none	165008	10.929	9.346	14.732
crossbeam	mpsc	sync	unbounded	16	1	single	none	755760	16.317	12.343	27.132
std	mpsc	sync	unbounded	16	1	single	none	327104	5.615	5.516	9.347
fibre	mpsc	sync	unbounded	16	1	batch-512	send and receive	1000000	160.903	154.680	162.121
flume	mpsc	sync	unbounded	16	1	batch-512	receive only	1000000	30.924	29.282	32.543
fibre	mpsc	sync	unbounded	64	1	single	send and receive	1000000	14.612	11.220	16.864
flume	mpsc	sync	unbounded	64	1	single	receive only	1000000	27.409	26.173	28.596
kanal	mpsc	sync	unbounded	64	1	single	none	274560	7.829	6.619	9.250
crossbeam	mpsc	sync	unbounded	64	1	single	none	1000000	17.129	14.690	23.559
std	mpsc	sync	unbounded	64	1	single	none	403136	6.337	5.308	8.324
fibre	mpsc	sync	unbounded	64	1	batch-512	send and receive	1000000	153.679	152.895	156.746
flume	mpsc	sync	unbounded	64	1	batch-512	receive only	1000000	39.471	35.889	47.550
fibre	mpsc	async	rendezvous	1	1	single	none	923058	15.118	14.642	15.283
flume	mpsc	async	rendezvous	1	1	single	receive only	263005	4.330	4.307	4.398
kanal	mpsc	async	rendezvous	1	1	single	none	776042	12.671	12.539	13.293
fibre	mpsc	async	rendezvous	16	1	single	none	280640	4.670	4.515	4.975
flume	mpsc	async	rendezvous	16	1	single	receive only	40368	0.690	0.670	0.705
kanal	mpsc	async	rendezvous	16	1	single	none	275728	4.383	3.392	4.742
fibre	mpsc	async	rendezvous	64	1	single	none	173952	2.690	2.670	2.784
flume	mpsc	async	rendezvous	64	1	single	receive only	27392	0.467	0.450	0.471
kanal	mpsc	async	rendezvous	64	1	single	none	38144	0.855	0.604	1.197
fibre	mpsc	async	1	1	1	single	send and receive	364571	6.024	5.907	6.244
flume	mpsc	async	1	1	1	single	receive only	264220	4.393	4.375	4.601
kanal	mpsc	async	1	1	1	single	none	1032294	17.264	17.100	18.531
async-channel	mpsc	async	1	1	1	single	none	144602	2.406	2.353	2.581
tokio	mpsc	async	1	1	1	single	receive only	311350	5.216	5.167	5.649
fibre	mpsc	async	1	16	1	single	send and receive	344832	5.269	5.048	5.627
flume	mpsc	async	1	16	1	single	receive only	40400	0.662	0.654	0.680
kanal	mpsc	async	1	16	1	single	none	172352	10.865	9.479	12.406
async-channel	mpsc	async	1	16	1	single	none	72768	1.075	1.064	1.171
tokio	mpsc	async	1	16	1	single	receive only	317168	4.809	4.741	5.130
fibre	mpsc	async	1	64	1	single	send and receive	224192	3.792	3.769	3.846
flume	mpsc	async	1	64	1	single	receive only	27584	0.454	0.445	0.464
kanal	mpsc	async	1	64	1	single	none	158592	6.390	6.036	9.281
async-channel	mpsc	async	1	64	1	single	none	65600	1.090	1.074	1.124
tokio	mpsc	async	1	64	1	single	receive only	255744	4.315	4.190	4.460
fibre	mpsc	async	128	1	1	single	send and receive	2246773	37.479	37.335	38.001
flume	mpsc	async	128	1	1	single	receive only	1693945	28.646	28.349	29.279
kanal	mpsc	async	128	1	1	single	none	3125676	50.882	50.689	52.031
async-channel	mpsc	async	128	1	1	single	none	920494	15.378	15.188	15.402
tokio	mpsc	async	128	1	1	single	receive only	1269956	20.336	19.975	21.065
fibre	mpsc	async	128	1	1	batch-512	send and receive	8000000	141.601	141.306	142.727
flume	mpsc	async	128	1	1	batch-512	receive only	1466612	25.154	24.408	26.351
tokio	mpsc	async	128	1	1	batch-512	receive only	1739004	28.979	28.868	29.199
fibre	mpsc	async	128	16	1	single	send and receive	2207072	37.590	36.667	40.259
flume	mpsc	async	128	16	1	single	receive only	160560	2.690	2.530	2.892
kanal	mpsc	async	128	16	1	single	none	677168	9.155	6.619	11.629
async-channel	mpsc	async	128	16	1	single	none	146400	2.575	2.521	2.695
tokio	mpsc	async	128	16	1	single	receive only	262480	3.998	3.933	4.831
fibre	mpsc	async	128	16	1	batch-512	send and receive	8000000	142.016	140.699	143.670
flume	mpsc	async	128	16	1	batch-512	receive only	324096	5.643	5.555	5.779
tokio	mpsc	async	128	16	1	batch-512	receive only	135536	2.131	2.121	2.286
fibre	mpsc	async	128	64	1	single	send and receive	2094400	35.225	34.891	39.442
flume	mpsc	async	128	64	1	single	receive only	41792	0.784	0.761	0.795
kanal	mpsc	async	128	64	1	single	none	136064	9.985	6.526	16.705
async-channel	mpsc	async	128	64	1	single	none	58688	0.961	0.929	1.003
tokio	mpsc	async	128	64	1	single	receive only	106240	1.753	1.716	1.804
fibre	mpsc	async	128	64	1	batch-512	send and receive	7477696	127.962	122.271	132.012
flume	mpsc	async	128	64	1	batch-512	receive only	180544	3.081	2.969	3.328
tokio	mpsc	async	128	64	1	batch-512	receive only	112448	1.881	1.819	1.913
fibre	mpsc	async	1024	1	1	single	send and receive	2962435	49.203	48.843	55.754
flume	mpsc	async	1024	1	1	single	receive only	629623	11.663	9.574	15.693
kanal	mpsc	async	1024	1	1	single	none	3066823	51.649	47.590	61.736
async-channel	mpsc	async	1024	1	1	single	none	764091	12.693	11.982	14.143
tokio	mpsc	async	1024	1	1	single	receive only	781555	13.926	13.374	14.529
fibre	mpsc	async	1024	1	1	batch-512	send and receive	8000000	196.399	195.010	221.921
flume	mpsc	async	1024	1	1	batch-512	receive only	2311856	37.939	36.739	41.589
tokio	mpsc	async	1024	1	1	batch-512	receive only	1700118	28.290	28.139	28.814
fibre	mpsc	async	1024	16	1	single	send and receive	2907216	48.192	46.563	48.609
flume	mpsc	async	1024	16	1	single	receive only	237344	4.029	3.889	4.095
kanal	mpsc	async	1024	16	1	single	none	235296	3.756	3.033	9.850
async-channel	mpsc	async	1024	16	1	single	none	314576	5.323	5.193	5.673
tokio	mpsc	async	1024	16	1	single	receive only	265120	4.234	3.994	4.553
fibre	mpsc	async	1024	16	1	batch-512	send and receive	8000000	173.501	170.405	186.435
flume	mpsc	async	1024	16	1	batch-512	receive only	799312	13.753	13.409	13.884
tokio	mpsc	async	1024	16	1	batch-512	receive only	100544	1.716	1.615	1.964
fibre	mpsc	async	1024	64	1	single	send and receive	2792128	48.179	47.205	49.218
flume	mpsc	async	1024	64	1	single	receive only	61504	1.215	1.063	1.248
kanal	mpsc	async	1024	64	1	single	none	163968	5.893	3.408	14.927
async-channel	mpsc	async	1024	64	1	single	none	185856	3.091	2.680	3.431
tokio	mpsc	async	1024	64	1	single	receive only	107264	1.834	1.777	1.878
fibre	mpsc	async	1024	64	1	batch-512	send and receive	8000000	172.161	169.422	177.844
flume	mpsc	async	1024	64	1	batch-512	receive only	646656	10.833	10.502	11.371
tokio	mpsc	async	1024	64	1	batch-512	receive only	101952	1.749	1.653	1.925
fibre	mpsc	async	unbounded	1	1	single	send and receive	1000000	73.442	72.157	74.205
flume	mpsc	async	unbounded	1	1	single	receive only	1000000	38.929	38.235	39.406
kanal	mpsc	async	unbounded	1	1	single	none	1000000	68.144	67.211	68.920
async-channel	mpsc	async	unbounded	1	1	single	none	1000000	18.551	18.375	19.012
tokio	mpsc	async	unbounded	1	1	single	receive only	1000000	41.324	40.127	42.205
fibre	mpsc	async	unbounded	1	1	batch-512	send and receive	1000000	134.791	124.880	138.011
flume	mpsc	async	unbounded	1	1	batch-512	receive only	1000000	60.736	59.172	61.965
tokio	mpsc	async	unbounded	1	1	batch-512	receive only	1000000	71.879	71.179	72.689
fibre	mpsc	async	unbounded	16	1	single	send and receive	662576	10.614	10.397	11.593
flume	mpsc	async	unbounded	16	1	single	receive only	1000000	19.117	17.891	20.579
kanal	mpsc	async	unbounded	16	1	single	none	127216	11.571	8.486	13.018
async-channel	mpsc	async	unbounded	16	1	single	none	410400	6.910	5.991	7.017
tokio	mpsc	async	unbounded	16	1	single	receive only	113168	1.854	1.792	1.931
fibre	mpsc	async	unbounded	16	1	batch-512	send and receive	1000000	146.912	142.234	150.442
flume	mpsc	async	unbounded	16	1	batch-512	receive only	1000000	26.551	24.716	27.925
tokio	mpsc	async	unbounded	16	1	batch-512	receive only	120992	1.855	1.797	2.108
fibre	mpsc	async	unbounded	64	1	single	send and receive	618240	10.398	10.223	10.504
flume	mpsc	async	unbounded	64	1	single	receive only	1000000	19.439	18.047	20.573
kanal	mpsc	async	unbounded	64	1	single	none	485568	23.160	20.322	29.953
async-channel	mpsc	async	unbounded	64	1	single	none	392512	6.830	6.131	6.981
tokio	mpsc	async	unbounded	64	1	single	receive only	100800	1.679	1.645	1.760
fibre	mpsc	async	unbounded	64	1	batch-512	send and receive	1000000	149.971	146.652	166.367
flume	mpsc	async	unbounded	64	1	batch-512	receive only	1000000	25.128	23.417	28.086
tokio	mpsc	async	unbounded	64	1	batch-512	receive only	110720	1.846	1.711	2.171
fibre	spmc	sync	1	1	1	single	send and receive	12854	0.229	0.213	0.245
fibre	spmc	sync	1	1	16	single	send and receive	4096	0.024	0.024	0.025
fibre	spmc	sync	1	1	64	single	send and receive	4096	0.007	0.006	0.008
fibre	spmc	sync	128	1	1	single	send and receive	631276	10.554	9.875	10.675
fibre	spmc	sync	128	1	1	batch-512	send and receive	1229559	20.937	20.098	21.013
fibre	spmc	sync	128	1	16	single	send and receive	4096	0.012	0.010	0.015
fibre	spmc	sync	128	1	16	batch-512	send and receive	165525	2.930	2.753	3.012
fibre	spmc	sync	128	1	64	single	send and receive	4096	0.004	0.003	0.006
fibre	spmc	sync	128	1	64	batch-512	send and receive	40173	0.808	0.727	0.939
fibre	spmc	sync	1024	1	1	single	send and receive	746586	10.427	8.954	12.347
fibre	spmc	sync	1024	1	1	batch-512	send and receive	3744144	59.461	52.392	63.480
fibre	spmc	sync	1024	1	16	single	send and receive	17232	0.073	0.017	1.435
fibre	spmc	sync	1024	1	16	batch-512	send and receive	564052	10.275	9.195	10.739
fibre	spmc	sync	1024	1	64	single	send and receive	4096	0.005	0.005	0.012
fibre	spmc	sync	1024	1	64	batch-512	send and receive	221989	3.600	3.261	3.815
fibre	spmc	async	1	1	1	single	send and receive	324158	5.808	5.435	5.878
fibre	spmc	async	1	1	16	single	send and receive	14597	0.247	0.232	0.249
fibre	spmc	async	1	1	64	single	send and receive	4096	0.061	0.059	0.062
fibre	spmc	async	128	1	1	single	send and receive	1173215	24.158	17.324	30.009
fibre	spmc	async	128	1	1	batch-512	send and receive	4294474	72.796	71.018	74.193
fibre	spmc	async	128	1	16	single	send and receive	36103	0.594	0.470	0.603
fibre	spmc	async	128	1	16	batch-512	send and receive	939466	15.677	15.599	16.151
fibre	spmc	async	128	1	64	single	send and receive	9889	0.165	0.160	0.166
fibre	spmc	async	128	1	64	batch-512	send and receive	413290	6.797	6.713	6.816
fibre	spmc	async	1024	1	1	single	send and receive	744278	11.419	11.001	12.739
fibre	spmc	async	1024	1	1	batch-512	send and receive	5743500	95.591	95.251	95.777
fibre	spmc	async	1024	1	16	single	send and receive	36545	0.612	0.611	0.614
fibre	spmc	async	1024	1	16	batch-512	send and receive	2234158	37.316	25.982	38.297
fibre	spmc	async	1024	1	64	single	send and receive	10279	0.173	0.169	0.180
fibre	spmc	async	1024	1	64	batch-512	send and receive	837864	15.348	14.205	16.267
fibre	mpmc	sync	rendezvous	1	1	single	none	21576	0.506	0.388	0.537
flume	mpmc	sync	rendezvous	1	1	single	receive only	20632	0.355	0.328	0.392
kanal	mpmc	sync	rendezvous	1	1	single	none	237567	4.496	3.193	4.666
crossbeam	mpmc	sync	rendezvous	1	1	single	none	25624	0.410	0.348	0.488
fibre	mpmc	sync	rendezvous	16	16	single	none	27776	0.470	0.458	0.484
flume	mpmc	sync	rendezvous	16	16	single	receive only	16656	0.270	0.255	0.275
kanal	mpmc	sync	rendezvous	16	16	single	none	57792	1.384	1.269	1.541
crossbeam	mpmc	sync	rendezvous	16	16	single	none	14112	0.229	0.210	0.243
fibre	mpmc	sync	rendezvous	64	64	single	none	29888	0.469	0.461	0.492
flume	mpmc	sync	rendezvous	64	64	single	receive only	14976	0.270	0.249	0.280
kanal	mpmc	sync	rendezvous	64	64	single	none	63616	1.199	1.151	1.236
crossbeam	mpmc	sync	rendezvous	64	64	single	none	13504	0.203	0.193	0.213
fibre	mpmc	sync	rendezvous	16	1	single	none	28592	0.563	0.487	0.594
flume	mpmc	sync	rendezvous	16	1	single	receive only	9648	0.174	0.172	0.178
kanal	mpmc	sync	rendezvous	16	1	single	none	60736	1.117	0.970	1.241
crossbeam	mpmc	sync	rendezvous	16	1	single	none	8128	0.144	0.140	0.145
fibre	mpmc	sync	rendezvous	1	16	single	none	35437	0.546	0.489	0.594
flume	mpmc	sync	rendezvous	1	16	single	receive only	26411	0.433	0.358	0.439
kanal	mpmc	sync	rendezvous	1	16	single	none	53096	0.938	0.726	1.139
crossbeam	mpmc	sync	rendezvous	1	16	single	none	8623	0.142	0.131	0.145
fibre	mpmc	sync	rendezvous	64	1	single	none	34624	0.534	0.416	0.577
flume	mpmc	sync	rendezvous	64	1	single	receive only	10304	0.175	0.167	0.177
kanal	mpmc	sync	rendezvous	64	1	single	none	38656	0.537	0.440	0.576
crossbeam	mpmc	sync	rendezvous	64	1	single	none	8256	0.139	0.126	0.141
fibre	mpmc	sync	rendezvous	1	64	single	none	30906	0.571	0.500	0.582
flume	mpmc	sync	rendezvous	1	64	single	receive only	27255	0.449	0.376	0.457
kanal	mpmc	sync	rendezvous	1	64	single	none	39331	0.546	0.495	0.648
crossbeam	mpmc	sync	rendezvous	1	64	single	none	8174	0.134	0.129	0.139
fibre	mpmc	sync	1	1	1	single	send and receive	76309	1.254	1.208	1.284
flume	mpmc	sync	1	1	1	single	receive only	34886	0.557	0.532	0.598
kanal	mpmc	sync	1	1	1	single	none	323771	5.678	5.362	5.850
crossbeam	mpmc	sync	1	1	1	single	none	317718	5.270	5.209	5.325
fibre	mpmc	sync	1	16	16	single	send and receive	6304	0.107	0.099	0.108
flume	mpmc	sync	1	16	16	single	receive only	18048	0.297	0.289	0.305
kanal	mpmc	sync	1	16	16	single	none	21776	0.905	0.811	1.031
crossbeam	mpmc	sync	1	16	16	single	none	75936	1.235	1.162	1.343
fibre	mpmc	sync	1	64	64	single	send and receive	6080	0.103	0.096	0.104
flume	mpmc	sync	1	64	64	single	receive only	15680	0.272	0.256	0.286
kanal	mpmc	sync	1	64	64	single	none	49664	1.199	1.140	1.361
crossbeam	mpmc	sync	1	64	64	single	none	63872	1.230	1.029	1.384
fibre	mpmc	sync	1	16	1	single	send and receive	8352	0.147	0.146	0.149
flume	mpmc	sync	1	16	1	single	receive only	9504	0.173	0.170	0.177
kanal	mpmc	sync	1	16	1	single	none	22352	1.044	0.980	1.297
crossbeam	mpmc	sync	1	16	1	single	none	8944	0.153	0.145	0.165
fibre	mpmc	sync	1	1	16	single	send and receive	8679	0.146	0.137	0.148
flume	mpmc	sync	1	1	16	single	receive only	25114	0.428	0.335	0.433
kanal	mpmc	sync	1	1	16	single	none	141780	1.423	1.265	1.630
crossbeam	mpmc	sync	1	1	16	single	none	8840	0.143	0.140	0.145
fibre	mpmc	sync	1	64	1	single	send and receive	8384	0.142	0.137	0.146
flume	mpmc	sync	1	64	1	single	receive only	9856	0.173	0.161	0.176
kanal	mpmc	sync	1	64	1	single	none	28416	0.464	0.360	0.547
crossbeam	mpmc	sync	1	64	1	single	none	8000	0.134	0.126	0.141
fibre	mpmc	sync	1	1	64	single	send and receive	8602	0.142	0.128	0.144
flume	mpmc	sync	1	1	64	single	receive only	25487	0.455	0.357	0.460
kanal	mpmc	sync	1	1	64	single	none	28799	0.501	0.448	0.549
crossbeam	mpmc	sync	1	1	64	single	none	7990	0.135	0.122	0.140
fibre	mpmc	sync	128	1	1	single	send and receive	1705961	27.911	27.613	28.264
flume	mpmc	sync	128	1	1	single	receive only	1266352	20.359	19.572	21.480
kanal	mpmc	sync	128	1	1	single	none	903275	14.442	13.885	15.173
crossbeam	mpmc	sync	128	1	1	single	none	1637076	29.766	26.091	33.741
fibre	mpmc	sync	128	1	1	batch-512	send and receive	5842738	96.633	91.696	97.989
flume	mpmc	sync	128	1	1	batch-512	receive only	837389	13.960	13.900	13.969
fibre	mpmc	sync	128	16	16	single	send and receive	844944	15.881	14.726	16.299
flume	mpmc	sync	128	16	16	single	receive only	167712	2.789	2.602	2.870
kanal	mpmc	sync	128	16	16	single	none	80816	2.583	2.233	3.274
crossbeam	mpmc	sync	128	16	16	single	none	754256	15.268	13.076	16.008
fibre	mpmc	sync	128	16	16	batch-512	send and receive	1232608	23.807	21.947	24.671
flume	mpmc	sync	128	16	16	batch-512	receive only	176432	3.416	3.181	3.646
fibre	mpmc	sync	128	64	64	single	send and receive	382656	12.026	10.924	12.921
flume	mpmc	sync	128	64	64	single	receive only	70528	1.634	1.466	1.815
kanal	mpmc	sync	128	64	64	single	none	117632	2.477	2.215	3.301
crossbeam	mpmc	sync	128	64	64	single	none	171712	3.872	2.406	8.754
fibre	mpmc	sync	128	64	64	batch-512	send and receive	668224	18.232	16.884	19.392
flume	mpmc	sync	128	64	64	batch-512	receive only	101824	2.369	2.172	2.648
fibre	mpmc	sync	128	16	1	single	send and receive	383072	6.402	6.103	7.479
flume	mpmc	sync	128	16	1	single	receive only	10704	0.176	0.164	0.179
kanal	mpmc	sync	128	16	1	single	none	26656	0.872	0.687	1.655
crossbeam	mpmc	sync	128	16	1	single	none	416016	7.054	6.807	7.864
fibre	mpmc	sync	128	16	1	batch-512	send and receive	680096	9.582	8.402	10.210
flume	mpmc	sync	128	16	1	batch-512	receive only	145776	2.635	2.535	2.699
fibre	mpmc	sync	128	1	16	single	send and receive	476155	7.513	6.710	7.587
flume	mpmc	sync	128	1	16	single	receive only	21486	0.435	0.418	0.444
kanal	mpmc	sync	128	1	16	single	none	175118	3.963	3.241	4.986
crossbeam	mpmc	sync	128	1	16	single	none	420376	6.565	5.911	7.945
fibre	mpmc	sync	128	1	16	batch-512	send and receive	521502	8.569	7.309	10.348
flume	mpmc	sync	128	1	16	batch-512	receive only	23680	0.395	0.345	0.409
fibre	mpmc	sync	128	64	1	single	send and receive	232576	4.362	3.628	5.921
flume	mpmc	sync	128	64	1	single	receive only	10560	0.176	0.152	0.179
kanal	mpmc	sync	128	64	1	single	none	22464	0.363	0.279	0.396
crossbeam	mpmc	sync	128	64	1	single	none	503680	1.481	0.479	8.382
fibre	mpmc	sync	128	64	1	batch-512	send and receive	171520	4.911	4.245	5.702
flume	mpmc	sync	128	64	1	batch-512	receive only	57280	1.030	0.908	1.087
fibre	mpmc	sync	128	1	64	single	send and receive	103238	4.811	1.841	8.921
flume	mpmc	sync	128	1	64	single	receive only	27488	0.382	0.337	0.457
kanal	mpmc	sync	128	1	64	single	none	32545	0.368	0.344	0.473
crossbeam	mpmc	sync	128	1	64	single	none	443219	2.195	0.684	7.174
fibre	mpmc	sync	128	1	64	batch-512	send and receive	193520	6.784	6.350	9.877
flume	mpmc	sync	128	1	64	batch-512	receive only	18879	0.382	0.340	0.410
fibre	mpmc	sync	1024	1	1	single	send and receive	1994974	32.421	31.998	32.677
flume	mpmc	sync	1024	1	1	single	receive only	231980	3.683	3.434	4.589
kanal	mpmc	sync	1024	1	1	single	none	1562730	26.413	18.545	31.567
crossbeam	mpmc	sync	1024	1	1	single	none	2622306	41.869	41.444	49.550
fibre	mpmc	sync	1024	1	1	batch-512	send and receive	8000000	179.692	171.274	193.636
flume	mpmc	sync	1024	1	1	batch-512	receive only	2865627	48.245	48.023	49.114
fibre	mpmc	sync	1024	16	16	single	send and receive	2005616	36.982	36.190	37.687
flume	mpmc	sync	1024	16	16	single	receive only	299328	8.180	7.658	9.049
kanal	mpmc	sync	1024	16	16	single	none	87408	2.602	2.013	3.225
crossbeam	mpmc	sync	1024	16	16	single	none	1226192	25.415	22.879	27.368
fibre	mpmc	sync	1024	16	16	batch-512	send and receive	5042032	93.723	92.122	96.101
flume	mpmc	sync	1024	16	16	batch-512	receive only	268848	7.222	5.323	7.991
fibre	mpmc	sync	1024	64	64	single	send and receive	557824	28.037	25.863	33.004
flume	mpmc	sync	1024	64	64	single	receive only	170048	4.584	4.496	5.992
kanal	mpmc	sync	1024	64	64	single	none	92608	2.845	2.598	3.680
crossbeam	mpmc	sync	1024	64	64	single	none	158592	4.265	2.839	11.991
fibre	mpmc	sync	1024	64	64	batch-512	send and receive	760512	57.647	51.586	61.377
flume	mpmc	sync	1024	64	64	batch-512	receive only	193728	5.749	5.303	6.618
fibre	mpmc	sync	1024	16	1	single	send and receive	1023104	18.446	15.878	20.130
flume	mpmc	sync	1024	16	1	single	receive only	10448	0.203	0.195	0.215
kanal	mpmc	sync	1024	16	1	single	none	58928	1.149	0.922	1.473
crossbeam	mpmc	sync	1024	16	1	single	none	474720	7.553	6.675	8.889
fibre	mpmc	sync	1024	16	1	batch-512	send and receive	3868016	54.988	52.187	61.871
flume	mpmc	sync	1024	16	1	batch-512	receive only	731456	12.992	12.703	13.410
fibre	mpmc	sync	1024	1	16	single	send and receive	1476628	20.739	19.401	21.735
flume	mpmc	sync	1024	1	16	single	receive only	25353	0.424	0.361	0.439
kanal	mpmc	sync	1024	1	16	single	none	36114	1.098	0.509	2.113
crossbeam	mpmc	sync	1024	1	16	single	none	430876	7.368	6.387	8.212
fibre	mpmc	sync	1024	1	16	batch-512	send and receive	5226650	49.088	47.354	53.436
flume	mpmc	sync	1024	1	16	batch-512	receive only	21770	0.392	0.349	0.452
fibre	mpmc	sync	1024	64	1	single	send and receive	412288	8.816	7.003	17.306
flume	mpmc	sync	1024	64	1	single	receive only	9920	0.196	0.176	0.201
kanal	mpmc	sync	1024	64	1	single	none	20672	0.363	0.307	0.412
crossbeam	mpmc	sync	1024	64	1	single	none	698496	10.278	1.783	12.188
fibre	mpmc	sync	1024	64	1	batch-512	send and receive	686208	17.919	13.457	35.267
flume	mpmc	sync	1024	64	1	batch-512	receive only	303616	4.992	4.895	5.328
fibre	mpmc	sync	1024	1	64	single	send and receive	715990	14.272	7.905	26.326
flume	mpmc	sync	1024	1	64	single	receive only	26623	0.422	0.311	0.470
kanal	mpmc	sync	1024	1	64	single	none	19591	0.327	0.304	0.468
crossbeam	mpmc	sync	1024	1	64	single	none	466203	7.640	0.335	9.549
fibre	mpmc	sync	1024	1	64	batch-512	send and receive	976541	20.101	12.128	33.181
flume	mpmc	sync	1024	1	64	batch-512	receive only	24385	0.387	0.348	0.413
fibre	mpmc	sync	unbounded	1	1	single	send and receive	1000000	86.383	85.852	87.192
flume	mpmc	sync	unbounded	1	1	single	receive only	220564	4.080	3.431	19.188
kanal	mpmc	sync	unbounded	1	1	single	none	1000000	92.338	57.602	95.561
crossbeam	mpmc	sync	unbounded	1	1	single	none	1000000	96.148	95.515	97.443
fibre	mpmc	sync	unbounded	1	1	batch-512	send and receive	1000000	218.103	208.963	221.339
flume	mpmc	sync	unbounded	1	1	batch-512	receive only	1000000	71.307	67.331	74.227
fibre	mpmc	sync	unbounded	16	16	single	send and receive	441728	7.006	6.873	7.386
flume	mpmc	sync	unbounded	16	16	single	receive only	394496	10.777	7.311	11.977
kanal	mpmc	sync	unbounded	16	16	single	none	36336	1.662	1.550	2.059
crossbeam	mpmc	sync	unbounded	16	16	single	none	1000000	27.751	20.600	58.399
fibre	mpmc	sync	unbounded	16	16	batch-512	send and receive	1000000	101.829	84.189	106.774
flume	mpmc	sync	unbounded	16	16	batch-512	receive only	334672	6.432	4.360	10.407
fibre	mpmc	sync	unbounded	64	64	single	send and receive	1000000	7.560	5.630	13.013
flume	mpmc	sync	unbounded	64	64	single	receive only	340864	9.780	7.040	18.721
kanal	mpmc	sync	unbounded	64	64	single	none	121728	2.986	2.672	3.122
crossbeam	mpmc	sync	unbounded	64	64	single	none	1000000	27.008	18.831	43.973
fibre	mpmc	sync	unbounded	64	64	batch-512	send and receive	1000000	101.467	88.921	114.803
flume	mpmc	sync	unbounded	64	64	batch-512	receive only	189568	7.719	5.721	9.726
fibre	mpmc	sync	unbounded	16	1	single	send and receive	566432	9.588	9.397	11.769
flume	mpmc	sync	unbounded	16	1	single	receive only	1000000	26.437	24.694	26.998
kanal	mpmc	sync	unbounded	16	1	single	none	123760	8.105	7.350	10.018
crossbeam	mpmc	sync	unbounded	16	1	single	none	672976	13.052	9.977	15.545
fibre	mpmc	sync	unbounded	16	1	batch-512	send and receive	1000000	151.534	148.484	155.210
flume	mpmc	sync	unbounded	16	1	batch-512	receive only	1000000	32.799	31.297	34.291
fibre	mpmc	sync	unbounded	1	16	single	send and receive	24839	0.409	0.352	2.602
flume	mpmc	sync	unbounded	1	16	single	receive only	25718	0.425	0.357	0.437
kanal	mpmc	sync	unbounded	1	16	single	none	29624	3.535	1.384	6.860
crossbeam	mpmc	sync	unbounded	1	16	single	none	1000000	22.666	20.334	23.864
fibre	mpmc	sync	unbounded	1	16	batch-512	send and receive	1000000	75.589	74.056	76.245
flume	mpmc	sync	unbounded	1	16	batch-512	receive only	23387	0.400	0.394	0.407
fibre	mpmc	sync	unbounded	64	1	single	send and receive	1000000	13.900	9.665	18.066
flume	mpmc	sync	unbounded	64	1	single	receive only	1000000	26.619	25.610	28.239
kanal	mpmc	sync	unbounded	64	1	single	none	168960	6.097	4.927	7.188
crossbeam	mpmc	sync	unbounded	64	1	single	none	1000000	18.688	16.664	29.444
fibre	mpmc	sync	unbounded	64	1	batch-512	send and receive	1000000	151.935	145.138	156.911
flume	mpmc	sync	unbounded	64	1	batch-512	receive only	1000000	37.786	35.031	40.142
fibre	mpmc	sync	unbounded	1	64	single	send and receive	27159	0.416	0.294	0.470
flume	mpmc	sync	unbounded	1	64	single	receive only	26932	0.454	0.371	0.461
kanal	mpmc	sync	unbounded	1	64	single	none	17395	0.335	0.271	0.413
crossbeam	mpmc	sync	unbounded	1	64	single	none	1000000	20.387	0.509	25.878
fibre	mpmc	sync	unbounded	1	64	batch-512	send and receive	1000000	72.694	65.949	74.060
flume	mpmc	sync	unbounded	1	64	batch-512	receive only	24321	0.404	0.337	0.419
fibre	mpmc	async	rendezvous	1	1	single	none	1004469	14.537	14.392	14.643
flume	mpmc	async	rendezvous	1	1	single	receive only	298165	4.476	4.459	4.562
kanal	mpmc	async	rendezvous	1	1	single	none	831771	12.637	12.399	13.585
fibre	mpmc	async	rendezvous	16	16	single	none	210352	3.480	3.400	3.686
flume	mpmc	async	rendezvous	16	16	single	receive only	66064	1.553	1.315	2.012
kanal	mpmc	async	rendezvous	16	16	single	none	61776	5.578	4.705	7.521
fibre	mpmc	async	rendezvous	64	64	single	none	189440	3.186	3.135	3.529
flume	mpmc	async	rendezvous	64	64	single	receive only	57536	1.457	0.955	1.681
kanal	mpmc	async	rendezvous	64	64	single	none	232960	10.559	9.648	10.878
fibre	mpmc	async	rendezvous	16	1	single	none	287296	4.714	4.606	4.754
flume	mpmc	async	rendezvous	16	1	single	receive only	42864	0.684	0.678	0.700
kanal	mpmc	async	rendezvous	16	1	single	none	294144	4.546	3.980	5.079
fibre	mpmc	async	rendezvous	1	16	single	none	293011	4.828	4.684	5.059
flume	mpmc	async	rendezvous	1	16	single	receive only	63302	1.065	1.027	1.089
kanal	mpmc	async	rendezvous	1	16	single	none	298465	4.828	4.256	5.219
fibre	mpmc	async	rendezvous	64	1	single	none	187200	2.974	2.829	3.034
flume	mpmc	async	rendezvous	64	1	single	receive only	26944	0.450	0.430	0.460
kanal	mpmc	async	rendezvous	64	1	single	none	46784	0.896	0.718	1.299
fibre	mpmc	async	rendezvous	1	64	single	none	169709	2.792	2.718	2.834
flume	mpmc	async	rendezvous	1	64	single	receive only	23572	0.358	0.348	0.381
kanal	mpmc	async	rendezvous	1	64	single	none	44859	0.824	0.689	1.151
fibre	mpmc	async	1	1	1	single	send and receive	370454	6.381	6.048	6.762
flume	mpmc	async	1	1	1	single	receive only	276696	4.684	4.608	4.832
kanal	mpmc	async	1	1	1	single	none	1043071	17.348	16.997	19.081
async-channel	mpmc	async	1	1	1	single	none	158316	2.397	2.320	2.616
fibre	mpmc	async	1	16	16	single	send and receive	250912	4.360	3.867	4.497
flume	mpmc	async	1	16	16	single	receive only	103344	1.268	1.086	1.799
kanal	mpmc	async	1	16	16	single	none	119184	9.725	8.176	13.548
async-channel	mpmc	async	1	16	16	single	none	26000	0.422	0.416	0.429
fibre	mpmc	async	1	64	64	single	send and receive	200384	3.231	3.190	3.458
flume	mpmc	async	1	64	64	single	receive only	67264	1.130	1.003	1.718
kanal	mpmc	async	1	64	64	single	none	197632	10.429	9.059	12.445
async-channel	mpmc	async	1	64	64	single	none	20928	0.346	0.334	0.349
fibre	mpmc	async	1	16	1	single	send and receive	328480	4.929	4.611	5.426
flume	mpmc	async	1	16	1	single	receive only	39664	0.676	0.654	0.695
kanal	mpmc	async	1	16	1	single	none	772576	11.082	10.479	11.942
async-channel	mpmc	async	1	16	1	single	none	72080	1.108	1.039	1.213
fibre	mpmc	async	1	1	16	single	send and receive	282592	4.766	4.703	5.445
flume	mpmc	async	1	1	16	single	receive only	67689	1.113	1.092	1.144
kanal	mpmc	async	1	1	16	single	none	426289	6.766	6.069	7.239
async-channel	mpmc	async	1	1	16	single	none	61988	1.030	1.023	1.147
fibre	mpmc	async	1	64	1	single	send and receive	247040	4.173	3.946	4.582
flume	mpmc	async	1	64	1	single	receive only	26240	0.441	0.429	0.454
kanal	mpmc	async	1	64	1	single	none	162880	9.214	6.973	12.935
async-channel	mpmc	async	1	64	1	single	none	66624	1.120	1.074	1.223
fibre	mpmc	async	1	1	64	single	send and receive	241467	3.991	3.887	4.599
flume	mpmc	async	1	1	64	single	receive only	23064	0.372	0.354	0.389
kanal	mpmc	async	1	1	64	single	none	109552	0.748	0.662	1.005
async-channel	mpmc	async	1	1	64	single	none	65622	1.101	1.083	1.251
fibre	mpmc	async	128	1	1	single	send and receive	2374078	39.348	39.073	46.764
flume	mpmc	async	128	1	1	single	receive only	1680975	29.024	28.623	32.505
kanal	mpmc	async	128	1	1	single	none	3180748	52.653	50.919	52.953
async-channel	mpmc	async	128	1	1	single	none	903770	15.582	15.482	17.393
fibre	mpmc	async	128	1	1	batch-512	send and receive	6504753	98.596	90.066	111.663
flume	mpmc	async	128	1	1	batch-512	receive only	2200614	25.016	24.300	26.338
fibre	mpmc	async	128	16	16	single	send and receive	815792	13.833	13.064	18.717
flume	mpmc	async	128	16	16	single	receive only	488080	8.773	7.817	8.988
kanal	mpmc	async	128	16	16	single	none	141232	9.419	9.327	11.196
async-channel	mpmc	async	128	16	16	single	none	294224	5.195	4.449	5.254
fibre	mpmc	async	128	16	16	batch-512	send and receive	3534032	58.761	57.810	59.017
flume	mpmc	async	128	16	16	batch-512	receive only	521504	9.173	7.734	11.631
fibre	mpmc	async	128	64	64	single	send and receive	818176	13.444	12.738	19.785
flume	mpmc	async	128	64	64	single	receive only	411072	8.346	7.625	8.909
kanal	mpmc	async	128	64	64	single	none	134016	9.933	7.219	16.708
async-channel	mpmc	async	128	64	64	single	none	285760	4.994	4.281	5.192
fibre	mpmc	async	128	64	64	batch-512	send and receive	2831744	57.456	55.761	58.993
flume	mpmc	async	128	64	64	batch-512	receive only	362560	8.368	7.289	10.339
fibre	mpmc	async	128	16	1	single	send and receive	861392	14.416	14.205	14.547
flume	mpmc	async	128	16	1	single	receive only	162928	2.708	2.612	2.919
kanal	mpmc	async	128	16	1	single	none	158464	7.462	6.256	15.496
async-channel	mpmc	async	128	16	1	single	none	148272	2.443	2.314	2.469
fibre	mpmc	async	128	16	1	batch-512	send and receive	2490656	42.261	40.507	42.936
flume	mpmc	async	128	16	1	batch-512	receive only	331344	5.604	5.507	5.723
fibre	mpmc	async	128	1	16	single	send and receive	951885	15.690	15.472	15.763
flume	mpmc	async	128	1	16	single	receive only	243542	4.092	3.990	4.190
kanal	mpmc	async	128	1	16	single	none	642902	11.067	9.557	12.613
async-channel	mpmc	async	128	1	16	single	none	136652	2.355	2.293	2.416
fibre	mpmc	async	128	1	16	batch-512	send and receive	3381727	54.259	53.939	55.182
flume	mpmc	async	128	1	16	batch-512	receive only	250731	3.894	3.664	4.275
fibre	mpmc	async	128	64	1	single	send and receive	354304	6.074	5.624	6.110
flume	mpmc	async	128	64	1	single	receive only	40832	0.745	0.653	0.823
kanal	mpmc	async	128	64	1	single	none	315200	12.670	7.987	20.957
async-channel	mpmc	async	128	64	1	single	none	48320	0.868	0.801	0.950
fibre	mpmc	async	128	64	1	batch-512	send and receive	980544	15.447	14.993	16.050
flume	mpmc	async	128	64	1	batch-512	receive only	180544	3.035	3.014	3.221
fibre	mpmc	async	128	1	64	single	send and receive	558249	9.326	8.773	9.949
flume	mpmc	async	128	1	64	single	receive only	40667	0.744	0.710	0.811
kanal	mpmc	async	128	1	64	single	none	56872	1.253	0.979	1.690
async-channel	mpmc	async	128	1	64	single	none	42355	0.720	0.688	0.791
fibre	mpmc	async	128	1	64	batch-512	send and receive	1313185	22.475	21.686	22.911
flume	mpmc	async	128	1	64	batch-512	receive only	45732	0.575	0.535	0.642
fibre	mpmc	async	1024	1	1	single	send and receive	2710393	43.229	42.829	44.399
flume	mpmc	async	1024	1	1	single	receive only	870339	9.445	6.112	11.958
kanal	mpmc	async	1024	1	1	single	none	3619065	50.733	47.299	57.832
async-channel	mpmc	async	1024	1	1	single	none	819266	12.375	12.261	13.241
fibre	mpmc	async	1024	1	1	batch-512	send and receive	8000000	143.637	134.129	152.092
flume	mpmc	async	1024	1	1	batch-512	receive only	2303494	37.950	37.238	42.118
fibre	mpmc	async	1024	16	16	single	send and receive	1614656	25.231	14.410	26.829
flume	mpmc	async	1024	16	16	single	receive only	688640	11.829	11.320	12.470
kanal	mpmc	async	1024	16	16	single	none	139904	7.895	5.792	11.495
async-channel	mpmc	async	1024	16	16	single	none	393792	6.762	6.411	6.850
fibre	mpmc	async	1024	16	16	batch-512	send and receive	7319968	125.750	124.717	126.424
flume	mpmc	async	1024	16	16	batch-512	receive only	752912	15.189	14.060	16.710
fibre	mpmc	async	1024	64	64	single	send and receive	1400448	15.002	14.082	23.209
flume	mpmc	async	1024	64	64	single	receive only	614784	11.576	10.697	12.568
kanal	mpmc	async	1024	64	64	single	none	314816	12.787	10.675	21.402
async-channel	mpmc	async	1024	64	64	single	none	411072	6.670	6.346	6.843
fibre	mpmc	async	1024	64	64	batch-512	send and receive	5790976	125.296	123.869	127.512
flume	mpmc	async	1024	64	64	batch-512	receive only	584320	15.519	13.763	16.077
fibre	mpmc	async	1024	16	1	single	send and receive	983024	16.502	16.376	17.943
flume	mpmc	async	1024	16	1	single	receive only	230400	4.132	3.914	4.244
kanal	mpmc	async	1024	16	1	single	none	250224	4.097	2.435	5.252
async-channel	mpmc	async	1024	16	1	single	none	309360	5.331	4.670	5.604
fibre	mpmc	async	1024	16	1	batch-512	send and receive	4736544	76.339	74.076	78.717
flume	mpmc	async	1024	16	1	batch-512	receive only	808480	13.351	13.063	13.597
fibre	mpmc	async	1024	1	16	single	send and receive	1076229	17.627	17.429	18.289
flume	mpmc	async	1024	1	16	single	receive only	332310	5.493	5.357	5.695
kanal	mpmc	async	1024	1	16	single	none	274920	4.616	3.494	5.813
async-channel	mpmc	async	1024	1	16	single	none	255125	4.554	3.645	5.124
fibre	mpmc	async	1024	1	16	batch-512	send and receive	5123016	87.049	85.276	89.892
flume	mpmc	async	1024	1	16	batch-512	receive only	311514	5.362	5.035	6.051
fibre	mpmc	async	1024	64	1	single	send and receive	516352	8.853	8.471	9.123
flume	mpmc	async	1024	64	1	single	receive only	60544	1.015	0.839	1.143
kanal	mpmc	async	1024	64	1	single	none	287488	6.334	4.359	11.618
async-channel	mpmc	async	1024	64	1	single	none	144704	2.910	2.462	3.301
fibre	mpmc	async	1024	64	1	batch-512	send and receive	2997952	48.830	46.639	49.187
flume	mpmc	async	1024	64	1	batch-512	receive only	652096	10.492	10.303	10.647
fibre	mpmc	async	1024	1	64	single	send and receive	747616	12.707	12.329	13.272
flume	mpmc	async	1024	1	64	single	receive only	83038	1.303	1.178	1.386
kanal	mpmc	async	1024	1	64	single	none	65933	1.620	0.969	4.263
async-channel	mpmc	async	1024	1	64	single	none	115078	1.630	1.454	1.816
fibre	mpmc	async	1024	1	64	batch-512	send and receive	3414347	57.274	56.165	58.138
flume	mpmc	async	1024	1	64	batch-512	receive only	47360	0.812	0.730	0.917
fibre	mpmc	async	unbounded	1	1	single	send and receive	1000000	48.545	47.852	48.687
flume	mpmc	async	unbounded	1	1	single	receive only	1000000	39.343	38.787	39.497
kanal	mpmc	async	unbounded	1	1	single	none	1000000	69.022	68.692	69.432
async-channel	mpmc	async	unbounded	1	1	single	none	1000000	18.579	18.014	19.024
fibre	mpmc	async	unbounded	1	1	batch-512	send and receive	1000000	134.502	125.889	136.659
flume	mpmc	async	unbounded	1	1	batch-512	receive only	1000000	61.318	60.914	61.642
fibre	mpmc	async	unbounded	16	16	single	send and receive	316560	5.646	4.991	6.560
flume	mpmc	async	unbounded	16	16	single	receive only	660960	11.655	10.878	12.752
kanal	mpmc	async	unbounded	16	16	single	none	110336	6.214	5.042	11.625
async-channel	mpmc	async	unbounded	16	16	single	none	358048	5.612	5.024	5.855
fibre	mpmc	async	unbounded	16	16	batch-512	send and receive	1000000	127.267	122.218	133.598
flume	mpmc	async	unbounded	16	16	batch-512	receive only	710608	12.654	11.772	13.398
fibre	mpmc	async	unbounded	64	64	single	send and receive	335616	5.870	5.518	7.180
flume	mpmc	async	unbounded	64	64	single	receive only	700096	12.083	10.888	13.537
kanal	mpmc	async	unbounded	64	64	single	none	234176	13.423	11.388	21.611
async-channel	mpmc	async	unbounded	64	64	single	none	257984	6.440	5.464	6.843
fibre	mpmc	async	unbounded	64	64	batch-512	send and receive	1000000	110.857	87.137	117.520
flume	mpmc	async	unbounded	64	64	batch-512	receive only	606592	18.202	15.691	19.402
fibre	mpmc	async	unbounded	16	1	single	send and receive	620896	10.531	10.447	10.721
flume	mpmc	async	unbounded	16	1	single	receive only	1000000	19.208	17.937	19.385
kanal	mpmc	async	unbounded	16	1	single	none	192352	14.694	13.017	16.949
async-channel	mpmc	async	unbounded	16	1	single	none	415824	7.011	6.809	7.190
fibre	mpmc	async	unbounded	16	1	batch-512	send and receive	1000000	153.876	147.190	156.654
flume	mpmc	async	unbounded	16	1	batch-512	receive only	1000000	26.455	25.293	27.934
fibre	mpmc	async	unbounded	1	16	single	send and receive	771516	13.410	11.206	19.702
flume	mpmc	async	unbounded	1	16	single	receive only	334826	5.752	5.394	6.024
kanal	mpmc	async	unbounded	1	16	single	none	225592	4.482	1.643	5.990
async-channel	mpmc	async	unbounded	1	16	single	none	652061	10.018	8.120	11.046
fibre	mpmc	async	unbounded	1	16	batch-512	send and receive	1000000	73.077	63.691	78.379
flume	mpmc	async	unbounded	1	16	batch-512	receive only	394691	5.509	5.377	5.905
fibre	mpmc	async	unbounded	64	1	single	send and receive	560128	9.447	9.223	9.526
flume	mpmc	async	unbounded	64	1	single	receive only	1000000	18.808	17.825	19.742
kanal	mpmc	async	unbounded	64	1	single	none	326976	17.868	15.485	22.203
async-channel	mpmc	async	unbounded	64	1	single	none	368640	6.858	6.809	6.995
fibre	mpmc	async	unbounded	64	1	batch-512	send and receive	1000000	151.873	145.847	158.106
flume	mpmc	async	unbounded	64	1	batch-512	receive only	1000000	26.413	24.257	29.468
fibre	mpmc	async	unbounded	1	64	single	send and receive	807349	17.897	13.421	20.843
flume	mpmc	async	unbounded	1	64	single	receive only	79276	1.373	1.146	1.500
kanal	mpmc	async	unbounded	1	64	single	none	74572	1.157	0.998	3.079
async-channel	mpmc	async	unbounded	1	64	single	none	517537	9.477	6.869	11.192
fibre	mpmc	async	unbounded	1	64	batch-512	send and receive	1000000	72.496	59.530	77.200
flume	mpmc	async	unbounded	1	64	batch-512	receive only	50406	0.728	0.696	0.885
